{
    "SciPy dense": {
        "1": [
            179.140625,
            194.03125,
            193.7109375,
            193.76953125,
            193.765625,
            193.9765625,
            193.78125
        ],
        "2": [
            197.91796875,
            197.83203125,
            197.72265625,
            197.73046875,
            197.75,
            197.734375,
            197.734375
        ],
        "3": [
            203.88671875,
            203.90234375,
            205.98828125,
            207.79296875,
            207.79296875,
            207.796875,
            207.796875
        ],
        "4": [
            220.15234375,
            226.0234375,
            228.04296875,
            230.0546875,
            230.0546875,
            230.06640625,
            230.06640625
        ],
        "5": [
            252.28125,
            250.3125,
            250.1953125,
            250.296875,
            250.1953125,
            250.296875,
            250.1953125
        ],
        "6": [
            257.19921875,
            251.36328125,
            251.22265625,
            251.1640625,
            251.17578125,
            251.17578125,
            251.17578125
        ],
        "7": [
            260.3984375,
            255.91015625,
            256.0078125,
            256.0703125,
            256.0078125,
            255.95703125,
            255.96484375
        ]
    },
    "SciPy sparse": {
        "1": [
            193.69921875,
            197.828125,
            195.828125,
            193.82421875,
            197.83203125,
            197.83203125,
            193.83203125
        ],
        "2": [
            207.73046875,
            205.83203125,
            209.828125,
            209.8515625,
            209.8359375,
            207.84375,
            209.84765625
        ],
        "3": [
            233.8046875,
            236.046875,
            235.9921875,
            235.984375,
            235.91015625,
            236.171875,
            236.17578125
        ],
        "4": [
            287.97265625,
            290.08203125,
            290.08203125,
            288.0859375,
            290.08203125,
            288.08984375,
            290.0859375
        ],
        "5": [
            372.20703125,
            374.3046875,
            370.37109375,
            374.3046875,
            374.3125,
            374.31640625,
            372.37890625
        ],
        "6": [
            496.96484375,
            503.18359375,
            503.18359375,
            499.18359375,
            503.18359375,
            503.1875,
            503.19140625
        ],
        "7": [
            759.69140625,
            764.01953125,
            764.01953125,
            764.01953125,
            764.01953125,
            764.0234375,
            764.0234375
        ],
        "8": [
            1106.171875,
            1106.171875,
            1106.171875,
            1106.171875,
            1106.171875,
            1106.18359375,
            1106.171875
        ],
        "9": [
            1278.29296875,
            1278.29296875,
            1278.29296875,
            1278.29296875,
            1278.29296875,
            1278.29296875,
            1278.29296875
        ],
        "10": [
            1276.98046875,
            1278.25,
            1278.25,
            1278.25,
            1278.25,
            1278.25,
            1278.25
        ],
        "11": [
            1279.125,
            1278.7734375,
            1278.7890625,
            1277.97265625,
            1280.109375,
            1278.92578125,
            1279.59375
        ],
        "12": [
            1284.90234375,
            1286.34375,
            1287.28515625,
            1289.90625,
            1289.11328125,
            1294.03125,
            1294.90625
        ],
        "13": [
            1303.3984375,
            1309.47265625,
            1299.4296875,
            1309.47265625,
            1301.41015625,
            1309.47265625,
            1303.42578125
        ],
        "14": [
            1337.671875,
            1334.609375,
            1348.109375,
            1338.79296875,
            1348.546875,
            1334.609375,
            1338.8984375
        ],
        "15": [
            1408.3125,
            1426.93359375,
            1426.93359375,
            1426.93359375,
            1426.93359375,
            1426.93359375,
            1426.93359375
        ],
        "16": [
            1555.765625,
            1569.578125,
            1569.703125,
            1569.703125,
            1569.703125,
            1569.703125,
            1569.703125
        ],
        "17": [
            1882.32421875,
            1882.29296875,
            1881.015625,
            1878.83984375,
            1876.83984375,
            1876.83984375,
            1881.26953125
        ],
        "18": [
            2493.80859375,
            2506.48828125,
            2513.0546875,
            2513.0546875,
            2511.0546875,
            2513.90625,
            2511.0546875
        ],
        "19": [
            4140.93359375,
            4149.07421875,
            4157.04296875,
            4157.28125,
            4157.28125,
            4157.28125,
            4157.28125
        ],
        "20": [
            8425.4296875,
            8441.94921875,
            8442.13671875,
            8442.07421875,
            8442.078125,
            8442.08984375,
            8442.08984375
        ]
    },
    "QuantLop (higham)": {
        "1": [
            193.88671875,
            193.765625,
            194.0234375,
            193.8359375,
            193.83203125,
            193.83203125,
            193.83203125
        ],
        "2": [
            197.84375,
            197.84375,
            197.84375,
            197.84375,
            197.84375,
            197.84375,
            197.84375
        ],
        "3": [
            208.05078125,
            208.1015625,
            208.1015625,
            208.0859375,
            208.1640625,
            208.0859375,
            208.1015625
        ],
        "4": [
            230.1484375,
            230.1484375,
            230.0859375,
            230.1484375,
            230.0859375,
            230.1484375,
            230.1484375
        ],
        "5": [
            250.3125,
            250.30859375,
            250.30859375,
            250.375,
            250.30859375,
            250.375,
            250.375
        ],
        "6": [
            251.18359375,
            251.28515625,
            251.28515625,
            251.25,
            251.30078125,
            251.30078125,
            251.28515625
        ],
        "7": [
            256.015625,
            256.015625,
            256.015625,
            256.015625,
            256.015625,
            256.015625,
            256.015625
        ],
        "8": [
            256.1640625,
            256.1640625,
            256.1640625,
            256.1640625,
            256.1640625,
            256.1640625,
            256.1640625
        ],
        "9": [
            256.28125,
            256.28125,
            256.28125,
            256.28125,
            256.28125,
            256.28125,
            256.28125
        ],
        "10": [
            258.20703125,
            258.20703125,
            258.20703125,
            258.20703125,
            258.20703125,
            258.20703125,
            258.20703125
        ],
        "11": [
            254.6640625,
            254.6640625,
            254.6640625,
            254.6640625,
            254.6640625,
            254.6640625,
            254.6640625
        ],
        "12": [
            274.70703125,
            274.70703125,
            274.70703125,
            274.70703125,
            274.70703125,
            274.70703125,
            274.70703125
        ],