{
    "SciPy dense": {
        "1": [
            159.57421875,
            159.671875,
            159.72265625,
            159.71875,
            159.71875,
            159.7265625,
            159.7265625
        ],
        "2": [
            169.84375,
            167.82421875,
            167.828125,
            167.84375,
            167.83203125,
            167.83203125,
            167.83203125
        ],
        "3": [
            186.0,
            185.890625,
            185.890625,
            185.88671875,
            185.89453125,
            185.89453125,
            185.89453125
        ],
        "4": [
            218.265625,
            217.8515625,
            217.98828125,
            217.859375,
            217.8671875,
            217.87890625,
            217.859375
        ],
        "5": [
            280.38671875,
            280.203125,
            280.140625,
            280.140625,
            280.3828125,
            280.3046875,
            280.3046875
        ]
    },
    "SciPy sparse": {
        "1": [
            161.76953125,
            159.76171875,
            159.76953125,
            161.7734375,
            163.77734375,
            159.76953125,
            161.78125
        ],
        "2": [
            175.74609375,
            173.8515625,
            175.84765625,
            175.84765625,
            175.85546875,
            177.8515625,
            177.859375
        ],
        "3": [
            213.796875,
            213.91015625,
            213.91015625,
            213.9140625,
            213.9140625,
            213.91796875,
            207.91796875
        ],
        "4": [
            277.8359375,
            272.01171875,
            278.11328125,
            272.12109375,
            276.1171875,
            274.140625,
            278.14453125
        ],
        "5": [
            404.20703125,
            404.39453125,
            404.15234375,
            404.15234375,
            404.15625,
            404.1640625,
            404.16015625
        ]
    },
    "QuantLop": {
        "1": [
            159.7734375,
            159.7734375,
            159.7734375,
            159.7734375,
            159.78125,
            159.77734375,
            159.77734375
        ],
        "2": [
            167.84765625,
            167.84765625,
            167.84765625,
            167.84765625,
            167.84765625,
            167.84765625,
            167.85546875
        ],
        "3": [
            185.9140625,
            185.9140625,
            185.9140625,
            185.9140625,
            185.9140625,
            185.9140625,
            185.9140625
        ],
        "4": [
            218.09765625,
            218.12109375,
            217.95703125,
            218.09765625,
            218.01953125,
            217.95703125,
            218.01953125
        ],
        "5": [
            280.33984375,
            280.15625,
            280.33984375,
            280.15625,
            280.15625,
            280.15625,
            280.15625
        ]
    }
}