{
    "SciPy dense": {
        "1": [
            134.14453125,
            133.10546875,
            132.89453125,
            132.90625,
            132.91796875,
            132.90234375,
            132.90234375
        ],
        "2": [
            133.35546875,
            133.03515625,
            133.01953125,
            133.01953125,
            133.01953125,
            133.0234375,
            133.01953125
        ],
        "3": [
            133.75,
            133.12109375,
            133.1171875,
            133.1171875,
            133.12109375,
            133.1171875,
            133.12109375
        ],
        "4": [
            133.6796875,
            133.30078125,
            133.3203125,
            133.30859375,
            133.3046875,
            133.3046875,
            133.3046875
        ],
        "5": [
            134.36328125,
            134.03125,
            134.0234375,
            134.0234375,
            134.0234375,
            134.0234375,
            134.0234375
        ],
        "6": [
            137.3046875,
            136.41796875,
            136.4140625,
            136.4140625,
            136.4140625,
            136.4140625,
            136.4140625
        ],
        "7": [
            146.7265625,
            146.0390625,
            146.02734375,
            146.02734375,
            146.0390625,
            146.04296875,
            146.07421875
        ],
        "8": [
            157.4140625,
            156.39453125,
            156.4140625,
            156.39453125,
            156.39453125,
            156.3984375,
            156.41015625
        ],
        "9": [
            194.25390625,
            197.31640625,
            197.31640625,
            197.31640625,
            197.31640625,
            197.31640625,
            197.31640625
        ],
        "10": [
            308.19140625,
            307.46875,
            307.609375,
            307.46875,
            307.609375,
            307.46875,
            307.609375
        ],
        "11": [
            768.19140625,
            767.51171875,
            767.51171875,
            767.51171875,
            767.51171875,
            767.51171875,
            767.51171875
        ],
        "12": [
            2504.51171875,
            2503.8203125,
            2503.8203125,
            2504.27734375,
            2503.8203125,
            2503.8203125,
            2503.8203125
        ],
        "13": [
            9440.23828125,
            9439.28515625,
            9439.73828125,
            9439.73828125,
            9439.27734375,
            9439.27734375,
            9439.73828125
        ],
        "14": [
            37101.4765625,
            37101.78125,
            37101.79296875,
            37101.7890625,
            37101.7890625,
            37101.7890625,
            37101.7890625
        ]
    },
    "SciPy sparse": {
        "1": [
            136.95703125,
            132.9296875,
            132.9375,
            132.92578125,
            132.9296875,
            132.9296875,
            132.9296875
        ],
        "2": [
            132.70703125,
            133.0234375,
            133.0234375,
            133.05078125,
            133.04296875,
            133.0390625,
            133.0390625
        ],
        "3": [
            132.8046875,
            133.13671875,
            133.1328125,
            133.13671875,
            133.13671875,
            133.13671875,
            133.1875
        ],
        "4": [
            132.99609375,
            133.3125,
            133.33203125,
            133.3359375,
            133.3515625,
            133.3359375,
            133.34375
        ],
        "5": [
            133.7109375,
            196.03125,
            134.03125,
            134.03125,
            134.03125,
            134.0625,
            134.046875
        ],
        "6": [
            337.7421875,
            350.421875,
            322.421875,
            330.421875,
            336.453125,
            306.4375,
            332.4375
        ],
        "7": [
            607.40234375,
            552.08203125,
            642.08203125,
            566.08203125,
            584.08203125,
            580.0859375,
            594.08984375
        ],
        "8": [
            863.78515625,
            978.8515625,
            860.8515625,
            997.03125,
            997.03125,
            810.8515625,
            828.8515625
        ],
        "9": [
            1046.703125,
            1179.0703125,
            1085.06640625,
            1159.06640625,
            1179.2578125,
            1083.25390625,
            1179.2578125
        ],
        "10": [
            1072.87109375,
            1199.5625,
            1199.5625,
            1199.5625,
            1163.55078125,
            1087.55078125,
            1199.5625
        ],
        "11": [
            1211.05078125,
            1211.73046875,
            1211.73046875,
            1211.73046875,
            1211.73046875,
            1211.73046875,
            1211.73046875
        ],
        "12": [
            1219.31640625,
            1224.18359375,
            1225.12109375,
            1225.12109375,
            1225.1796875,
            1225.1796875,
            1227.1796875
        ],
        "13": [
            1242.9296875,
            1240.8203125,
            1247.6640625,
            1248.05078125,
            1239.5859375,
            1248.05078125,
            1248.05078125
        ],
        "14": [
            1300.76953125,
            1309.875,
            1305.58203125,
            1305.29296875,
            1311.875,
            1305.10546875,
            1291.875
        ],
        "15": [
            1378.52734375,
            1372.52734375,
            1401.5546875,
            1394.0234375,
            1401.5546875,
            1356.51953125,
            1400.76953125
        ],
        "16": [
            1530.19140625,
            1526.8125,
            1544.94140625,
            1523.70703125,
            1545.19140625,
            1509.0703125,
            1545.19140625
        ],
        "17": [
            1833.15625,
            1815.640625,
            1815.640625,
            1815.640625,
            1857.7890625,
            1843.15625,
            1815.640625
        ],
        "18": [
            2440.6640625,
            2477.7890625,
            2435.7890625,
            2483.44921875,
            2421.7890625,
            2459.7890625,
            2427.7890625
        ],
        "19": [
            4110.3046875,
            4118.3046875,
            4120.3046875,
            4120.3046875,
            4120.3046875,
            4120.3046875,
            4120.3046875
        ],
        "20": [
            8382.7890625,
            8402.33203125,
            8406.33203125,
            8402.33203125,
            8402.33203125,
            8402.33203125,
            8402.33203125
        ],
        "21": [
            17311.2421875,
            17343.3515625,
            17343.81640625,
            17343.79296875,
            17343.80859375,
            17343.80859375,
            17343.8203125
        ],
        "22": [
            35922.76953125,
            35986.78125,
            35986.76953125,
            35986.78125,
            35986.76953125,
            35986.78125,
            35986.76953125
        ]
    },
    "QuantLop": {
        "1": [
            132.94921875,
            132.95703125,
            132.9453125,
            132.9453125,
            132.9453125,
            132.9453125,
            132.9453125
        ],
        "2": [
            133.0390625,
            133.0390625,
            133.0390625,
            133.0390625,
            133.0390625,
            133.0390625,
            133.0390625
        ],