{
    "SciPy dense": {
        "1": [
            173.94140625,
            178.18359375,
            178.13671875,
            178.13671875,
            178.140625,
            178.1328125,
            178.1328125
        ],
        "2": [
            180.3359375,
            178.1796875,
            178.1875,
            178.19140625,
            178.1875,
            178.19921875,
            178.21484375
        ],
        "3": [
            184.42578125,
            184.25,
            188.26171875,
            188.25,
            188.2578125,
            188.26953125,
            188.26171875
        ],
        "4": [
            204.54296875,
            206.546875,
            210.5546875,
            210.6328125,
            214.5859375,
            216.3828125,
            216.640625
        ],
        "5": [
            238.90234375,
            236.67578125,
            236.86328125,
            236.8671875,
            236.73046875,
            236.65234375,
            236.71484375
        ],
        "6": [
            239.60546875,
            238.12890625,
            237.7578125,
            237.7578125,
            237.76953125,
            237.7578125,
            237.7578125
        ],
        "7": [
            247.17578125,
            245.8671875,
            245.30859375,
            245.30859375,
            245.30859375,
            245.35546875,
            245.34375
        ],
        "8": [
            253.76953125,
            252.71875,
            252.7734375,
            252.7109375,
            252.69140625,
            252.73828125,
            252.81640625
        ],
        "9": [
            279.53125,
            281.203125,
            280.578125,
            280.6328125,
            280.6328125,
            280.6328125,
            280.6328125
        ],
        "10": [
            389.76953125,
            387.97265625,
            388.234375,
            388.75,
            388.24609375,
            388.22265625,
            388.76171875
        ],
        "11": [
            829.84375,
            827.90625,
            828.16015625,
            828.0703125,
            827.8203125,
            828.0078125,
            827.5234375
        ],
        "12": [
            2573.984375,
            2574.453125,
            2574.25390625,
            2574.484375,
            2574.83984375,
            2574.484375,
            2574.52734375
        ]
    },
    "SciPy sparse": {
        "1": [
            178.046875,
            178.17578125,
            178.171875,
            180.1875,
            178.17578125,
            178.1875,
            178.19140625
        ],
        "2": [
            188.1640625,
            186.265625,
            188.2734375,
            186.26953125,
            184.27734375,
            182.2734375,
            188.2734375
        ],
        "3": [
            210.4296875,
            216.4296875,
            216.44921875,
            216.44140625,
            214.56640625,
            216.37109375,
            202.3671875
        ],
        "4": [
            274.546875,
            270.45703125,
            272.65625,
            272.65625,
            272.40234375,
            276.66796875,
            268.58203125
        ],
        "5": [
            358.69921875,
            360.85546875,
            360.8359375,
            360.86328125,
            360.7265625,
            356.9296875,
            358.73046875
        ],
        "6": [
            487.54296875,
            489.77734375,
            489.77734375,
            489.77734375,
            489.78515625,
            489.78515625,
            489.7890625
        ],
        "7": [
            751.0703125,
            753.39453125,
            753.3828125,
            753.39453125,
            753.39453125,
            753.40234375,
            753.3984375
        ],
        "8": [
            1102.4921875,
            1102.8359375,
            1102.8359375,
            1102.8359375,
            1102.82421875,
            1102.82421875,
            1102.8359375
        ],
        "9": [
            1302.3125,
            1302.64453125,
            1302.64453125,
            1302.64453125,
            1302.64453125,
            1302.64453125,
            1302.64453125
        ],
        "10": [
            1265.8125,
            1268.859375,
            1269.27734375,
            1269.27734375,
            1269.27734375,
            1269.27734375,
            1269.27734375
        ],
        "11": [
            1271.4765625,
            1278.44921875,
            1278.44921875,
            1278.44921875,
            1278.87109375,
            1278.87109375,
            1278.87109375
        ],
        "12": [
            1290.40234375,
            1300.70703125,
            1300.70703125,
            1300.70703125,
            1300.70703125,
            1300.70703125,
            1300.70703125
        ],
        "13": [
            1306.07421875,
            1324.36328125,
            1324.484375,
            1331.203125,
            1331.203125,
            1331.203125,
            1331.203125
        ],
        "14": [
            1342.65234375,
            1342.65234375,
            1342.65234375,
            1342.65234375,
            1342.65234375,
            1342.65234375,
            1342.65234375
        ],
        "15": [
            1424.5390625,
            1424.35546875,
            1424.375,
            1424.5078125,
            1424.3984375,
            1424.3828125,
            1424.3515625
        ],
        "16": [
            1545.7265625,
            1574.17578125,
            1571.0546875,
            1551.5546875,
            1551.5546875,
            1551.05859375,
            1551.5546875
        ],
        "17": [
            1861.0703125,
            1862.5703125,
            1864.5703125,
            1866.5703125,
            1867.26953125,
            1866.5703125,
            1866.75390625
        ],
        "18": [
            2497.3359375,
            2504.33203125,
            2508.859375,
            2510.828125,
            2511.21484375,
            2510.9296875,
            2508.109375
        ],
        "19": [
            4142.390625,
            4150.32421875,
            4158.44140625,
            4158.4609375,
            4158.4609375,
            4158.4609375,
            4158.4609375
        ],
        "20": [
            8422.62890625,
            8439.17578125,
            8439.23046875,
            8439.23046875,
            8455.234375,
            8439.234375,
            8439.23046875
        ]
    },
    "QuantLop": {
        "1": [
            178.1875,
            178.1875,
            178.1875,
            178.1875,
            178.1875,
            178.1875,
            178.1875
        ],
        "2": [
            178.26953125,
            178.26953125,
            178.26953125,
            178.26953125,
            178.26953125,
            178.26953125,
            178.26953125
        ],
        "3": [
            188.3671875,
            188.36328125,
            188.36328125,
            188.36328125,
            188.36328125,
            188.36328125,
            188.36328125
        ],
        "4": [
            216.6015625,
            216.54296875,
            216.54296875,
            216.59765625,
            216.54296875,
            216.59765625,
            216.54296875
        ],
        "5": [
            236.859375,
            236.6875,
            236.625,
            236.625,
            236.625,
            236.6875,
            236.6875
        ],
        "6": [
            237.78515625,
            237.78515625,
            237.84765625,
            237.84765625,
            237.78515625,
            237.84765625,
            237.84765625
        ],