{
    "SciPy dense": {
        "1": [
            0.02097091102041304,
            0.010646890004863963,
            0.0097841169917956,
            0.010261773015372455,
            0.011796740989666432,
            0.012682356988079846,
            0.01321744901360944
        ],
        "2": [
            0.01834241798496805,
            0.010801349999383092,
            0.012899460998596624,
            0.011745285999495536,
            0.011060633987654,
            0.010025428986409679,
            0.011634057998890057
        ],
        "3": [
            0.015433485998073593,
            0.01895461298408918,
            0.011775062012020499,
            0.01004258100874722,
            0.010149030014872551,
            0.01141756001743488,
            0.009913071990013123
        ],
        "4": [
            0.01943378397845663,
            0.01241380799910985,
            0.012997098005143926,
            0.012012168008368462,
            0.01090785299311392,
            0.012411062984028831,
            0.01775097197969444
        ],
        "5": [
            0.023919038998428732,
            0.01608395398943685,
            0.012621109985047951,
            0.014688338997075334,
            0.012498330004746094,
            0.01733718201285228,
            0.017907633009599522
        ]
    },
    "SciPy sparse": {
        "1": [
            0.016626705997623503,
            0.009274498006561771,
            0.008869690995197743,
            0.009219592000590637,
            0.00797870199312456,
            0.00814608100336045,
            0.0075129019969608635
        ],
        "2": [
            0.013575698976637796,
            0.008791073021711782,
            0.008173049020115286,
            0.009266004984965548,
            0.008089388022199273,
            0.00805016199592501,
            0.008458827011054382
        ],
        "3": [
            0.017232976999366656,
            0.010033298982307315,
            0.01082651800243184,
            0.010416303004603833,
            0.01021618998493068,
            0.010598283988656476,
            0.010888405988225713
        ],
        "4": [
            0.024443450005492195,
            0.014141051011392847,
            0.0141079880122561,
            0.012172838003607467,
            0.012830104999011382,
            0.012793205009074882,
            0.012693979020696133
        ],
        "5": [
            0.04313863001880236,
            0.018766086985124275,
            0.019039955019252375,
            0.021115787007147446,
            0.020193220989312977,
            0.020051222993060946,
            0.05554707400733605
        ]
    },
    "QuantLop": {
        "1": [
            0.0049765059957280755,
            0.004768216982483864,
            0.00474661699263379,
            0.004925929999444634,
            0.0047625139995943755,
            0.004438192001543939,
            0.0045259600155986845
        ],
        "2": [
            0.0047618070093449205,
            0.005036549991928041,
            0.0044521419913508,
            0.004644708998966962,
            0.004945893975673243,
            0.004597434977767989,
            0.004723101999843493
        ],
        "3": [
            0.005716824991395697,
            0.004955721989972517,
            0.0049265859997831285,
            0.004608026007190347,
            0.004860403016209602,
            0.004499042028328404,
            0.004971720976755023
        ],
        "4": [
            0.005735159007599577,
            0.005258787015918642,
            0.004842489986913279,
            0.004577765008434653,
            0.004982135986210778,
            0.004816897009732202,
            0.004808631987543777
        ],
        "5": [
            0.00638244699803181,
            0.005976859014481306,
            0.005875318980542943,
            0.005860425997525454,
            0.005297369003528729,
            0.0058284040133003145,
            0.005934577988227829
        ]
    }
}