{
    "SciPy dense": {
        "1": [
            0.021210906001215335,
            0.012749995999911334,
            0.009338258001662325,
            0.009521740998025052,
            0.010362540997448377,
            0.010401796003861818,
            0.00966205899749184
        ],
        "2": [
            0.010837130001164041,
            0.011518653998791706,
            0.012878315996204037,
            0.010506047001399565,
            0.010826123994775116,
            0.012514194997493178,
            0.011557100995560177
        ],
        "3": [
            0.016991459000564646,
            0.010933199999271892,
            0.011881309001182672,
            0.011507739996886812,
            0.010489564003364649,
            0.012082811001164373,
            0.012251336003828328
        ],
        "4": [
            0.0170839709971915,
            0.013291041999764275,
            0.01936623999790754,
            0.011477691994514316,
            0.014839773000858258,
            0.013737294997554272,
            0.011143782001454383
        ],
        "5": [
            0.016632247999950778,
            0.018109372002072632,
            0.01665688399953069,
            0.010854289001144934,
            0.014536023001710419,
            0.01646191000327235,
            0.019616955003584735
        ],
        "6": [
            0.0685332059947541,
            0.0598259379985393,
            0.09103504299855558,
            0.059899359999690205,
            0.06995443400228396,
            0.0399163820038666,
            0.04558290600107284
        ],
        "7": [
            0.08209595699736383,
            0.08970047699403949,
            0.1300557159993332,
            0.11012861500057625,
            0.10385869800666114,
            0.10700191700016148,
            0.1373021319959662
        ]
    },
    "SciPy sparse": {
        "1": [
            0.010745567000412848,
            0.00727545800327789,
            0.008558260000427254,
            0.006923590000951663,
            0.007571092995931394,
            0.007358018003287725,
            0.007014012000581715
        ],
        "2": [
            0.011325339000904933,
            0.008765555998252239,
            0.007619019001140259,
            0.008603923000919167,
            0.008261777998995967,
            0.008662756001285743,
            0.009165722003672272
        ],
        "3": [
            0.015467247998458333,
            0.010426150001876522,
            0.010107171001436654,
            0.00991082399559673,
            0.009782214001461398,
            0.009846420005487744,
            0.01035657000466017
        ],
        "4": [
            0.022607833001529798,
            0.013002664003579412,
            0.012724874002742581,
            0.012634363003598992,
            0.013073977002932224,
            0.012961494001501705,
            0.019906553003238514
        ],
        "5": [
            0.03370637400075793,
            0.01830345199414296,
            0.01786881499720039,
            0.018376676001935266,
            0.019344635999004822,
            0.0184360029961681,
            0.01856631300324807
        ],
        "6": [
            0.06505641799594741,
            0.0280970950043411,
            0.027336389000993222,
            0.027373585995519534,
            0.028248451002582442,
            0.026666773002943955,
            0.026866476000577677
        ],
        "7": [
            0.12044550100108609,
            0.04734534200542839,
            0.04840056900138734,
            0.04643052799656289,
            0.048968060000333935,
            0.047955885995179415,
            0.04772181999578606
        ],
        "8": [
            0.1265500230001635,
            0.07405257299978985,
            0.07624100300017744,
            0.07361612199747469,
            0.0726451709997491,
            0.07295166500261985,
            0.0717985459996271
        ],
        "9": [
            0.11397586199746002,
            0.08723265099979471,
            0.09533990499767242,
            0.09108215200103587,
            0.0895370170037495,
            0.10946828399755759,
            0.08721041199896717
        ],
        "10": [
            0.09358507199794985,
            0.09247406700160354,
            0.0930248799995752,
            0.09303769800317241,
            0.09791860000404995,
            0.09674022899707779,
            0.096501411004283
        ],
        "11": [
            0.10494963500241283,
            0.102037760996609,
            0.09870109699841123,
            0.09803575400292175,
            0.09648136400210205,
            0.10710870600451017,
            0.10024241800419986
        ],
        "12": [
            0.1625724120021914,
            0.12888866599678295,
            0.1325428960044519,
            0.1366814240027452,
            0.134625213999243,
            0.13968602899694815,
            0.13689239000086673
        ],
        "13": [
            0.1837765620002756,
            0.19878562700614566,
            0.1813090089999605,
            0.18141995400219457,
            0.18274677900626557,
            0.1790576690036687,
            0.17167342500033556
        ],
        "14": [
            0.3308002789999591,
            0.27169384700391674,
            0.2940292099956423,
            0.2945855770012713,
            0.2857625589967938,
            0.2955661779997172,
            0.30548170000110986
        ],
        "15": [
            0.5817679579995456,
            0.5416791669995291,
            0.5629037969993078,
            0.5202585189981619,
            0.525204796998878,
            0.5118073010016815,
            0.5575468340030056
        ],
        "16": [
            1.2631268899931456,
            1.1531614600025932,
            1.1941249680021429,
            1.1863131190038985,
            1.2086797860029037,
            1.1966057249956066,
            1.4364434180024546
        ],
        "17": [
            2.740730353994877,
            2.510460723002325,
            2.5095790789928287,
            2.4201205799909076,
            2.4898972299997695,
            2.499353640989284,
            2.485190627994598
        ],
        "18": [
            4.844387131000985,
            4.702677826004219,
            4.719996304003871,
            4.643655890002265,
            4.641328308993252,
            4.567234342001029,
            4.5831200259999605
        ],
        "19": [
            13.409061080994434,
            12.403975345005165,
            12.541455953993136,
            12.071542552002938,
            11.863867944994126,
            12.308148080002866,
            12.21519272099249
        ],
        "20": [
            32.164122658010456,
            31.04237819899572,
            31.636986458004685,
            32.0213067339937,
            30.722113615003764,
            30.393799572004355,
            30.263812100005453
        ]
    },
    "QuantLop (higham)": {
        "1": [
            0.005165526999917347,
            0.004760839001392014,
            0.004768402999616228,
            0.004748538005515002,
            0.00536883799941279,
            0.005221332001383416,
            0.004863207999733277
        ],
        "2": [
            0.005655976005073171,
            0.0054634480038657784,
            0.0054826699997647665,
            0.005286972998874262,
            0.005023915000492707,
            0.005183854002098087,
            0.004985675994248595
        ],
        "3": [
            0.0054567810002481565,
            0.005119572997500654,
            0.0050959309955942445,
            0.004865522998443339,
            0.005018427000322845,
            0.005204239001614042,
            0.005005330000130925
        ],