{
    "SciPy dense": {
        "1": [
            0.0342940999998973,
            0.034973230000105104,
            0.0319813369997064,
            0.03179563799949392,
            0.03202963900002942,
            0.03296115800003463,
            0.03299235500071518
        ],
        "2": [
            0.02799567100009881,
            0.032988879999720666,
            0.033995382000284735,
            0.032851603999915824,
            0.032841128999280045,
            0.034136424000280385,
            0.03298506400005863
        ],
        "3": [
            0.029231456000161415,
            0.03298034799991001,
            0.03398477599967009,
            0.03476514799967845,
            0.031076287999894703,
            0.03010942599939881,
            0.029892759999711416
        ],
        "4": [
            0.02882889200009231,
            0.03400122099992586,
            0.03183197299949825,
            0.03289636200042878,
            0.03410398500000156,
            0.03287091299989697,
            0.0331250250001176
        ],
        "5": [
            0.027137972999298654,
            0.03295515999980125,
            0.03299001200048224,
            0.04119189199991524,
            0.03263918599986937,
            0.0401424860001498,
            0.038256131999332865
        ],
        "6": [
            0.08932459000061499,
            0.09340619000067818,
            0.09313189899967256,
            0.09333179900022515,
            0.0826474909999888,
            0.09277686499990523,
            0.09344247599983646
        ],
        "7": [
            0.0730185780003012,
            0.11241404200063698,
            0.08063604099970689,
            0.0635670020001271,
            0.060874618000525516,
            0.10997593100000813,
            0.10870272800002567
        ],
        "8": [
            0.12410043799991399,
            0.1428437419999682,
            0.16278132900060882,
            0.1331438219995107,
            0.1302653080001619,
            0.1363319310003135,
            0.13044960500064917
        ],
        "9": [
            0.22770596299960744,
            0.2928719090004961,
            0.23334865100059687,
            0.2199751930002094,
            0.212124059999951,
            0.2506274450006458,
            0.22480359800010774
        ],
        "10": [
            0.6661828510004852,
            0.6475919679996878,
            0.663149371000145,
            0.6655295219998152,
            0.6795945220001158,
            0.6459911179999835,
            0.6777966409999863
        ],
        "11": [
            2.888478922000104,
            2.806996965999133,
            2.926811528000144,
            2.8178085449999344,
            2.856791902999248,
            2.9156933249996655,
            2.9248827369992796
        ],
        "12": [
            14.326989972000774,
            14.38583553600074,
            14.221226091000062,
            14.395376893000503,
            14.399825733999933,
            14.185756575000596,
            14.374887730999944
        ],
        "13": [
            82.23949682399962,
            82.45875492899995,
            82.12681124299979,
            82.10124650499984,
            82.08305637800004,
            82.15684492899982,
            82.42274726799951
        ],
        "14": [
            486.94886693599983,
            488.69677667700034,
            488.26020635700024,
            487.5658316170002,
            488.65370336700016,
            488.3513188950001,
            489.4956204149994
        ]
    },
    "SciPy sparse": {
        "1": [
            0.04095983299976069,
            0.027043840999795066,
            0.02565698699982022,
            0.024315421999745013,
            0.024438897999971232,
            0.024960061000456335,
            0.0236537689997931
        ],
        "2": [
            0.029965779000121984,
            0.026186703000348643,
            0.024600721000751946,
            0.024396404000071925,
            0.024711467000088305,
            0.02466918300069665,
            0.024948092999693472
        ],
        "3": [
            0.029614772999593697,
            0.02646572199955699,
            0.025391899999704037,
            0.025255755000216595,
            0.025272961000155192,
            0.026184760000433016,
            0.024950617000286
        ],
        "4": [
            0.031861618000220915,
            0.026943810999910056,
            0.02578847500080883,
            0.025458729999627394,
            0.02709630899971671,
            0.025848745000075724,
            0.024588432999735232
        ],
        "5": [
            0.03104765500029316,
            0.03281092300039745,
            0.03130825599964737,
            0.02761980700051936,
            0.027541047999875445,
            0.027260806999947818,
            0.033377624999957334
        ],
        "6": [
            0.039192058000480756,
            0.03688158899967675,
            0.0353931219997321,
            0.03571228200053156,
            0.036844182000095316,
            0.0356628270001238,
            0.03639290399951278
        ],
        "7": [
            0.05296146199998475,
            0.04839514299965231,
            0.04776494599991565,
            0.04620963000070333,
            0.04699463900033152,
            0.04738264200022968,
            0.051449690000481496
        ],
        "8": [
            0.07344941600058519,
            0.06652992299950711,
            0.06429801100057375,
            0.06531319600071583,
            0.06060568399971089,
            0.06276585899922793,
            0.06409047900069709
        ],
        "9": [
            0.08341753199965751,
            0.07604282400006923,
            0.07385321499987185,
            0.07253315199977806,
            0.07027829500020744,
            0.07308006400035083,
            0.07617498200033879
        ],
        "10": [
            0.08975069899952359,
            0.0808304299998781,
            0.07866268300040247,
            0.07624139599920454,
            0.07586779600023874,
            0.07505858999957127,
            0.07926393700017798
        ],
        "11": [
            0.1048008560001108,
            0.08937782600060018,
            0.08373486800064711,
            0.0857627550003599,
            0.08298419099992316,
            0.08775980599966715,
            0.08744739700068749
        ],
        "12": [
            0.1266238380003415,
            0.1006094940003095,
            0.10920688599981077,
            0.10274165800001356,
            0.10075127700019948,
            0.10194517099989753,
            0.10344854100003431
        ],
        "13": [
            0.1581487859994013,
            0.1369503669993719,
            0.14866217200051324,
            0.1514847219996227,
            0.1451780659999713,
            0.1395917149993693,
            0.13985808599954908
        ],
        "14": [
            0.22572738900089462,
            0.23122609500023827,
            0.2284185129992693,
            0.23451227199984714,
            0.24806962499860674,
            0.23514733199954208,
            0.2256679609999992
        ],
        "15": [
            0.45377525799995055,
            0.46120321200032777,
            0.47212790599951404,
            0.4558517360001133,
            0.45945498299988685,
            0.45776551499875495,
            0.4568468820016278
        ],
        "16": [
            0.8612383570016391,
            0.9118282879990147,
            0.8688308959990536,
            0.8798646690011083,
            0.8795175590003055,
            0.8694893929987302,
            0.8924060900008044
        ],
        "17": [
            2.0607262430003175,
            2.0978449869999167,
            2.0542500680003286,
            2.039274677001231,
            2.1194674160014983,
            1.9995210590004717,
            2.1184711969999626
        ],