{
    "SciPy dense": {
        "1": [
            0.021239562003756873,
            0.01070941700891126,
            0.010937955987174064,
            0.01106824999442324,
            0.010853984000277705,
            0.009580276993801817,
            0.01049864900414832
        ],
        "2": [
            0.009310038993135095,
            0.013381858996581286,
            0.010398434998933226,
            0.009879842997179367,
            0.008669144997838885,
            0.008354773992323317,
            0.01035711400618311
        ],
        "3": [
            0.014139242994133383,
            0.012430062997736968,
            0.013736269000219181,
            0.011459840010502376,
            0.010080559994094074,
            0.01024576999770943,
            0.00919012700614985
        ],
        "4": [
            0.015485574011108838,
            0.013338559001567774,
            0.01091893199190963,
            0.014746323999133892,
            0.011877593002282083,
            0.013167912999051623,
            0.01682990499830339
        ],
        "5": [
            0.017481807997683063,
            0.017124955003964715,
            0.01657536599668674,
            0.02201453699672129,
            0.012312095990637317,
            0.01411041899700649,
            0.014543320998200215
        ],
        "6": [
            0.06065196299459785,
            0.05924593500094488,
            0.0460882219922496,
            0.0634775219950825,
            0.05974705300468486,
            0.061654670993448235,
            0.0682502999989083
        ],
        "7": [
            0.09010509900690522,
            0.10056667799653951,
            0.07905236900842283,
            0.09011335400282405,
            0.08005120299640112,
            0.0813584170100512,
            0.09848159599641804
        ],
        "8": [
            0.11588511000445578,
            0.12018140299187507,
            0.17909541400149465,
            0.25907399400603026,
            0.35966610998730175,
            0.1599398529942846,
            0.2999000350100687
        ],
        "9": [
            0.22010757299722172,
            0.22002800500195008,
            0.27914901700569317,
            0.3590820050012553,
            0.44033071299782023,
            0.2790316449973034,
            0.33891169900016394
        ],
        "10": [
            1.0444764460116858,
            1.128176397003699,
            1.198977987995022,
            1.2703580079978565,
            1.1886322229984216,
            1.130838037992362,
            1.169255171000259
        ],
        "11": [
            5.9584009800018976,
            6.01999629799684,
            6.279899066008511,
            6.3617405999975745,
            6.269390261993976,
            6.16884875499818,
            6.157532470999286
        ],
        "12": [
            36.38348269100243,
            36.54985620001389,
            37.35431249400426,
            37.011263292995864,
            36.17507526300324,
            37.21745894900232,
            36.74462019500788
        ]
    },
    "SciPy sparse": {
        "1": [
            0.010364404995925725,
            0.007509655988542363,
            0.007025769999017939,
            0.007603359001222998,
            0.0069086500006960705,
            0.006907818999025039,
            0.00739542800874915
        ],
        "2": [
            0.011207749004825018,
            0.008680561993969604,
            0.008950089002610184,
            0.0089900460006902,
            0.00858166599937249,
            0.008495195987052284,
            0.008576061998610385
        ],
        "3": [
            0.014837897004326805,
            0.010271121995174326,
            0.009844195999903604,
            0.01053601800231263,
            0.011098560004029423,
            0.009510351999779232,
            0.009950445994036272
        ],
        "4": [
            0.023165575999883004,
            0.014055887993890792,
            0.013144166994607076,
            0.014051695994567126,
            0.014134265002212487,
            0.014767612010473385,
            0.014409990995773114
        ],
        "5": [
            0.03970019599364605,
            0.01910636099637486,
            0.02011588499590289,
            0.018592220003483817,
            0.018320175993721932,
            0.019385772000532597,
            0.0185773289995268
        ],
        "6": [
            0.053741773997899145,
            0.030906284009688534,
            0.03108526099822484,
            0.031946610994054936,
            0.031327653996413574,
            0.029115668003214523,
            0.02964961199904792
        ],
        "7": [
            0.09884792499360628,
            0.05078017199411988,
            0.05229402199620381,
            0.05048401700332761,
            0.05311595399689395,
            0.052303333999589086,
            0.06079257400415372
        ],
        "8": [
            0.14586952500394545,
            0.08168773299257737,
            0.07681849600339774,
            0.07792511300067417,
            0.08029484299186151,
            0.12252424299367703,
            0.08291973899758887
        ],
        "9": [
            0.20215136899787467,
            0.09417173100518994,
            0.09297898899239954,
            0.09556664800038561,
            0.09395129400945734,
            0.09524512699863408,
            0.09667411498958245
        ],
        "10": [
            0.24271433500689454,
            0.09906523999234196,
            0.10055562799971085,
            0.10113872900546994,
            0.10278354899492115,
            0.10028136499749962,
            0.09788718199706636
        ],
        "11": [
            0.18183168100949842,
            0.11249336200125981,
            0.11279275799461175,
            0.11583539999264758,
            0.11156020799535327,
            0.11135627800831571,
            0.11747569999715779
        ],
        "12": [
            0.1396938129910268,
            0.1455933489924064,
            0.14253884200297762,
            0.14136153100116644,
            0.1427955719991587,
            0.14445229100238066,
            0.1465471239935141
        ],
        "13": [
            0.19543452200014144,
            0.21249104199523572,
            0.2090285220037913,
            0.2762254940025741,
            0.20525594700302463,
            0.20672015700256452,
            0.2036156700050924
        ],
        "14": [
            0.31158891100494657,
            0.30039620300522074,
            0.28891801300051156,
            0.2974345429975074,
            0.30245118199673016,
            0.3009264400025131,
            0.29907878299127333
        ],
        "15": [
            0.6699939989921404,
            0.6060625220125075,
            0.5642008599970723,
            0.7272252069960814,
            0.5301299380080309,
            0.5509437120053917,
            0.5560044690064387
        ],
        "16": [
            1.2648088599962648,
            1.1310311449924484,
            1.097149928988074,
            1.14337253200938,
            1.0761229310010094,
            1.0962170100101503,
            1.0592849460081197
        ],
        "17": [
            2.770692231992143,
            2.680075159005355,
            2.6515212539961794,
            2.8106811180041404,
            2.9303405709943036,
            3.0330916289967718,
            2.8305884919973323
        ],
        "18": [
            6.0472221709933365,
            5.764587369005312,
            5.709028746001422,
            5.699429709013202,
            5.6308648379927035,
            5.727457328001037,
            5.728215769006056
        ],
        "19": [
            12.800795053000911,
            12.99483798199799,
            11.924132795000332,
            12.312309312997968,
            12.419108763002441,
            12.5443413269968,
            12.344745184003841
        ],